-2.1012798793667624,0.017166891318277356,-1.1656560173661896,-0.10785638251237843,-0.04493604921325376,0.9852390350365059,-0.2596821502778588,-0.3279541020555688,-0.24412501982503362,0.6038501899970968,-0.003966531114077717
-1.4302665956409684,-1.1821041833438029,-0.7041022074529583,-0.16452912441079443,0.08467071055682893,0.7289391963684252,0.0647385978155958,-0.5840208457780426,0.4337536348990094,0.4035934755477427,0.1467355974076252
-1.2752418382955075,-1.4175256429319982,-0.532895830039678,-0.21045918198081384,0.1642942145031169,0.504031467806291,-0.3373229311013561,-0.895743315800266,0.502995522680895,0.2870909560104594,0.05253293859375305
-1.6088472291527562,-0.9540813165127852,-0.3233242685816484,-0.006873250764208822,0.37759026711923543,0.6656964335565675,-0.13142696653390845,-0.43724399462188507,0.4464916737981024,0.366441831662516,-0.013934351729218643
-1.6001382790601302,-1.0283396017360658,-0.38271391360465745,-0.12134271611074367,0.36903100699301705,0.6105485959232015,-0.13344201620130203,-0.3516712119584992,0.5203686829831929,0.35899535052463794,0.03687166263043998
-1.5570338422190315,-1.1224630815051104,1.3822129903093971,-0.08451247558317401,-1.6395896023724075,-0.2742999218732174,-0.35646203661498793,-0.6769454942540207,0.590024830722977,0.44227629467330865,-0.11079111886371307
-1.6526214608237009,-0.9587818859930742,-0.4107822048276489,-0.12285754367329584,0.39694151867693733,0.5847976747438449,-0.05148821998414284,-0.19558138604501388,0.5872565396616741,0.3283853157626171,-0.013951483639076058
-1.7485218367703645,-0.8472237230781574,-0.38765112557639664,-0.14187059115603962,0.46350246240354254,0.5513648316786561,-0.10514035785148347,-0.05277621408743432,0.6180198760503318,0.33073249961400053,-0.023846939760558072
-1.4053459655884364,-0.7480984584616315,-0.6695914094590738,-0.0062581338821650866,0.07671149897759857,0.9425050391114793,0.38768105945071335,-0.578798410232314,0.20601744429087077,0.4002027206070208,0.14933135413911658
-1.6217619075918022,-0.748010404138363,0.38339946984040923,-0.09428129716108946,-0.4378995668591586,0.2808902119461592,-0.17987853662557313,-0.4390688936680324,0.457237607332763,0.37431356199894095,-0.051559864636006925
-1.504476034603154,-1.128062536154996,1.3364121800247033,-0.10846212142221806,-1.4002272427478824,-0.30144319049948254,-0.3450121073206376,-0.5793314869975795,0.6857502972534101,0.36032093338813664,-0.101823180801414
-1.626734824462306,-0.7555421073861218,-0.07010348229438908,-0.010293321575653772,0.5794013798505016,0.5721360833960804,-0.24946852663947117,-0.37290523389709845,0.42258022232221387,0.2647053510887504,-0.1203320725213965
-1.5836624870281042,-1.0747084739510324,1.2025919600011645,-0.14877206210207924,-1.4210853195032884,-0.30998193981174066,-0.20179158347998963,-0.31872233373886577,0.7689084204655511,0.3615149566435,-0.07754629513154904
-1.7264774360913422,-0.6160081137701927,0.6739946198771343,-0.16709456852864915,-0.8794178100780392,0.016213275259105986,-0.24641570190086143,-0.23344448843561846,0.537724128169409,0.3931023849454056,-0.02583147105202105
-1.5837624990710844,-0.7432984314704226,0.03327176152601578,-0.04346093567003354,0.6415029345131988,0.533399750867063,-0.3682524681446757,-0.4063832233754525,0.395950301803304,0.2552683342474511,-0.04261920479465675
-1.5879026229757158,-0.7754141278079197,-0.10767847107086476,-0.07154436190047524,0.580812315495101,0.5215315463168834,-0.26172869244080993,-0.28175479103442574,0.46652926090546704,0.2525404321854742,-0.0014415983196978972
-1.7063708821879109,-0.5997601603100831,-0.04729417689577929,-0.012597019666903797,0.6542004820427826,0.5307198160760707,-0.2463875405056622,-0.17924446327911794,0.43117428628248416,0.22791248452737303,-0.14963455766736727
-1.8749763149275716,0.46201029021512685,-1.455590278830861,-0.129097924326108,-0.13963798111059378,1.019080392752062,0.4374786950455248,-0.034590653585551405,-0.03820140787794971,0.43458508111241756,0.09084571140073025
-1.5732732093864734,-0.13748046479540277,-1.1776523213828347,-0.26095097229460906,-0.02175548793092417,0.6211116841409566,-0.13850966109149276,-0.5102473306652814,0.16198684650854697,0.22758914819561585,-0.06563985819383744
-1.2272677833543149,-0.8910277177416347,0.32105920740581395,-0.012373562314770298,-0.15694132029333924,0.39150699062184463,-0.2674821348735083,-0.9470173087968754,0.1938083045829546,0.21936976389418109,-0.016860506739713177
-1.5003416717998004,-0.7442286148694623,-0.125190258265804,-0.010036141622609896,0.5696565378504501,0.5051169229543141,-0.07163192518248061,-0.19802615194942297,0.41663373717164387,0.13931406376009817,-0.06558329176988759
-1.295364117731841,-0.7889408164525802,-0.200948052625244,0.015013031113732075,0.4243579743725857,0.5922296376413472,-0.04342601400830316,-0.5227963250790393,0.2575904129379284,0.1515533584641692,0.054085511111782836
-1.3780482831932748,-0.8260104850052261,-0.1049441349394625,-0.0432445015606524,0.5554909890692195,0.4188605280920837,-0.2776201279300757,-0.3997604557744415,0.39218745807935,0.09862450841123462,-0.019077998929852957
-1.3751619307022087,-0.7080351396166605,0.11535978812351903,0.002501655602020418,0.6546057525199308,0.4763035507143929,-0.39980091717357613,-0.5203303715557697,0.23753425687687854,0.12864629434880107,0.018239755838767385
-1.3942021887379352,-0.7167294837481958,-0.18706968014243922,-0.014194278488368833,0.503825169596973,0.5163915581199561,-0.07166342556778567,-0.30354819557737783,0.3307021102308335,0.11932153247257894,0.013427700032872162
-1.590105389961369,-0.47356085013769844,0.7315013977952517,-0.049566440191102665,-0.4995889496627805,0.041137349704445186,-0.22935031222165092,-0.2052292905939549,0.3683804774113636,0.20118647517981084,-0.09085406700996251
-1.517904206631666,-0.6510990719179213,-0.17210955933698158,-0.09407196249149628,0.6075455735831472,0.3752559769161735,-0.22553857956867923,-0.09362980180216103,0.4466989406071245,0.0769147990520397,-0.051673694933574765
-1.5778092793396847,-0.39954843881812535,0.9979552329364775,-0.11044652794285681,-1.2727142824371955,-0.0721917239599836,-0.1607033519884962,0.03512171169622374,0.49834502027449024,0.22979878117455824,-0.05385754679713045
-1.4100295349332714,-0.6456539083150298,0.4220061208728357,-0.06042207622717475,0.18997573823531122,0.2453300022748033,-0.3302883902909191,-0.3611028706530282,0.3034593357295426,0.12022976849405888,0.005078364628785135
-1.393505758120659,-0.5644353986248563,0.013435843384255112,0.01767942755640143,0.636017482423292,0.44975087268402536,-0.28291415490254385,-0.3866276714783879,0.2338687736005752,0.053656596228475975,-0.0671149186912462
-1.2759859509845093,-1.022805216030554,-0.37661502208891406,-0.07416608351660131,0.45823932052091043,0.17318034585335393,-0.12108744372815071,-0.2664057033684271,0.6428260403643477,-0.1473862805196038,-0.31155248963169796
-1.1618745763938334,-0.42047095420806785,-0.6326404859117117,0.03389828032816636,0.11858753755242399,0.8647397867048926,0.25793096819478895,-0.3650422377896565,0.12030759674749426,0.03980478815523049,-0.025630150310170463
-1.338542103293241,-0.6027251539616799,0.06821879694156084,0.046898979129308196,0.6495831379470949,0.48236101184025276,-0.1727502681227127,-0.34971843958298626,0.21864275285055448,0.047417375823074495,-0.0066869311747407584
-2.0723227925500725,0.9180186674482563,-1.5956184995668046,-0.23496800074466792,0.01589659615899759,0.7651883832161084,0.4754840130519644,0.6584786732655322,0.08213509660203562,0.22250601551572471,-0.041320803930574024
-2.064688506895576,0.9199284935546709,-1.595355133061014,-0.23415870076415854,0.01684012202427605,0.7593101963209159,0.47620687977485243,0.6644364642705333,0.07467272861063329,0.21382464842937823,-0.03903357219480719
-1.4909497531935452,-0.48764307732636,-0.06958705590979818,0.0060205319026604975,0.6744811702015805,0.4012860134489239,-0.09937378780451607,0.0006191294355150018,0.35124988222288633,0.008389462390911888,-0.07895136913215295
-1.3966070690157204,-0.5850823814181105,-0.03859712130946337,-0.03964576976535267,0.6752865512743704,0.33441016789825256,-0.23679099872429638,-0.12614958090143544,0.36456059394697543,-0.014152898111847152,-0.022373375410978058
-1.207580187260346,-0.667227023796459,-0.21846679336119623,-0.011995276112704411,0.47545565017514835,0.44988572689295386,0.004786651249248332,-0.34389590826300315,0.2539532029386952,-0.023336877889372984,0.01875024119279331
-1.924083540843929,0.9214323554331035,-1.170188541233443,-0.10800831623475096,0.18361812006503364,0.7716802466090771,0.2743637607972574,0.3405817835849385,-0.11850350503230954,0.16775410350318246,-0.06506899489223111
-1.6756187692166498,-0.1466395275506863,1.4383505846194842,-0.11102797165810455,-1.817936025779576,-0.518498213357764,-0.06358477551883034,0.15271951482128363,0.4556207122950052,0.2082890834087339,-0.050557430798336855
-1.2056875355502492,-0.3016212222055413,-0.38239465432030245,0.0976343507490321,0.35199593319787104,0.6174567339685578,0.21216853346358,-0.42571312231397845,0.03567719155777441,-0.020730469075072797,-0.031192555604827366
-1.481414633660409,-0.13833172691559922,0.49450880508939016,-0.08922173421542413,-0.8261197770834694,0.019482053677073535,0.14268251555929792,0.014060964686567638,0.2952589290452229,0.11752637910530896,0.033460217294745825
-2.099205356276854,1.975812895078718,-0.9114402048000144,-0.18375045976843363,-0.8274810370774037,1.026282268927589,0.6039961366985753,0.4683498340571016,-0.6569444879914067,0.5884938770062006,0.5835973859179251
-1.9086958197036195,1.1497473054652152,-0.8973568701229548,-0.0951045510974067,0.36778898043275476,0.7001733015577508,0.012107080675278223,0.2351780783225713,-0.18903759756780827,0.11487939520311354,-0.08506813828062798
-1.211551435107612,-0.2984470060224391,-0.43790514232751065,0.06481587855259789,0.36716774218023857,0.5745707006878438,0.3295217302292861,-0.2087133694298422,0.14947904847394752,-0.04693684834002097,0.029636460104213586
-2.2030897151886073,1.6036030622527757,-0.5383234858552987,-0.23234522895749637,-1.122870260951724,0.3042884423118436,0.39967993573487287,0.7628196761470537,-0.044804355031956615,0.28615204738512556,-0.016486006346333737
-1.3328600191183377,0.0024208229567002737,0.34257653090590745,0.027709805765865993,-0.3980359835546915,0.24917068739685233,0.22773805297947455,-0.1805876238933402,0.12559836527094914,0.03191165627918836,0.0026686145266361355
-1.0778528614609235,-0.2533578812011123,-0.36155323644271237,-0.12175447526830337,0.4905951126410316,0.36046020401263973,0.24186661280651559,-0.22337736685258605,0.4763336996907607,-0.17032846197598925,0.02039728235552038
-1.0506117285823708,-0.17278716309709366,-0.17207370429300453,-0.07314129746031953,0.5784031852865767,0.38408606822297625,0.1072040128162332,-0.3372617721900583,0.38464569269185,-0.1491727034697283,0.08625583386138158
-1.0784190891265064,-0.18013563595203155,0.19940467859005212,-0.17410817529248437,-0.20398330474292412,0.026772968353643206,0.08737932053357185,-0.30199272583364406,0.4963564981908466,-0.13398673449329188,0.03733936650063746
-1.3018297743210494,0.07619921658959636,1.373083300722323,-0.25087069746453117,-1.1445495662407548,-0.5050231771800836,-0.1770622878082094,-0.1127607435368893,0.612628081291184,0.001067503956420872,0.08314217562490675
-1.3857565408076806,-1.3133278714209144,1.254351557856356,-0.21610168397825397,-1.9471793794028374,-1.373582691826739,-0.33749259404580045,0.24547291054793316,1.1568262579692774,-0.3415611919638689,-0.6653766337777314
-1.2176626194264202,-0.5922863004610427,-0.07332652943697122,0.02650010099897735,0.5934228299243678,0.3849643036936218,-0.13921935631781024,-0.11875517684262905,0.0640875714946821,-0.06978207157341186,0.18062282916529096
-1.244573668494701,-0.9694242957968816,-0.4761829435133841,-0.0659192680862061,0.3601739820725723,0.33696002177620776,0.05543300347464433,0.10108801216822406,0.09849275935430209,-0.09797617084445574,0.1265835990748102
-1.321782372265242,-0.7043752569479392,0.10406703950634645,-0.08236211094137663,-0.5188794460526194,-0.014352176889984693,0.05710804049526085,0.11526795841246236,0.17423103051333466,-0.05459706529037088,0.054242835566612996
-1.3156743911536362,-0.08693575203202498,-0.9627901400033881,-0.253748862501941,0.17751454003734102,0.33855060689360117,-0.16248328744183638,-0.08786035023379508,-0.04878717563316986,-0.10589589231240919,0.11586819602328459
-0.5843886263613268,-0.05349002230089372,-0.9060121605505832,-0.16465379420389478,-0.29972665171686697,1.4816773322581889,-0.6089576744086591,0.03536781876021585,-0.0066113031894576195,-0.3183301451637168,0.013346709273289873
-1.778219210091873,0.8581772075085299,-0.39832897188319044,-0.07090395163603147,-0.6510010138672716,0.32970634305246727,0.19748710536268066,0.36650923437377436,-0.273753194776451,0.09500200580376418,0.027612122283895535
-1.6580115147258185,0.9985524480224003,-1.525352353548005,-0.15813404531118583,-0.04105619765690969,0.674571833855792,0.32109610002520833,0.27288103178459017,-0.33166238072266785,-0.010138740805141195,0.03953374459423162
-1.685002250272675,0.8930786204708486,-0.5954920228949461,-0.12037438748026708,-0.3070855937450336,0.4113307130283083,0.1390602723673995,0.27450913369004976,-0.27548316701804604,0.033890695759386316,0.052395117234069255
-1.3365346927281638,0.5677064521520775,-1.0183441819316743,-0.14870607029940816,0.14109738721972784,0.5553951585841754,0.03290418113920271,-0.16422293794631224,-0.31597988062920285,-0.08394900033814189,0.12023353552406942
-1.82726971389364,1.1565731345761856,0.11424722899349425,-0.15270589540303564,-0.9534390534428676,0.017089489972985095,-0.0007683565057096744,0.39560648424451916,-0.14968235050939402,0.06228467114595883,-0.026202775083952023
-1.8201069908939445,1.1566063250664218,0.11922596205975909,-0.17006952862365637,-0.9490122904373425,0.011702531315201934,0.0012666174179022337,0.4029923862722192,-0.15964259587162669,0.054380588451078085,-0.024395805580193775
-1.7457937770575243,1.1067083774229953,0.09200523497182037,-0.13338195084225393,-0.8753367190213018,0.06158019786237315,0.07625451503216397,0.3627694115315334,-0.15442432803636033,0.03609995251779409,0.0041078954107141834
-1.716940743362815,1.444316634499007,-0.7559774816164888,-0.11294869281006338,0.11633834637087354,0.5932008361443127,0.1641073429854872,0.30367434486489775,-0.3677263756243754,-0.0076854344477741265,0.05576734598843919
-0.2746288655464769,-1.5092114783422366,-0.7835462857527062,-0.2573872789326414,-1.3749013869758457,-0.2887439923258006,0.015606162701630406,-0.7295987331629662,-0.13989823192794446,0.0988434783646416,0.11495293541663114
-1.1796111295039415,-0.3048288114100909,0.9618513195141483,-0.012024723360645171,-2.3763654784991295,-0.6316613412814214,0.22737302691461253,0.33125992024265033,-0.11798540642787678,0.42512749949101336,-0.028139358848759923
-0.5743324900053985,-1.386018498210411,-0.06231826017033544,0.046685573012434915,0.5439036761310677,0.011140541932319264,-0.2346521295754654,-0.21930287324024786,0.002856017860291085,0.028457487938584332,-0.014132173304353382
-0.5007563639276449,-1.3018455895860233,-0.2127800694805313,0.03207933352386292,0.424889197206652,0.0728945861000558,-0.14828586233097493,-0.3351734536139194,-0.08293780389306891,0.029272738952574824,0.016227338439252215
-0.5468306130789915,-1.3689144346352673,0.03884880906216535,0.08132075364301831,0.5958609969978826,0.01781615168274468,-0.20327940178664425,-0.22573221566434956,-0.00891113794125377,0.00581153790437778,-0.02946191969195466
-0.5684165270963103,-1.3273338274638529,-0.004600914442574786,0.061748510215478614,0.5918709296568481,-0.014957264747880016,-0.22896135414370486,-0.1956020578520558,0.0010369063214200418,-0.01625691041574264,-0.06623667502566336
-0.500922598893033,-1.243244471722152,-0.23850419727985983,0.1338726498393972,0.4102180059750392,0.09580295561687895,-0.019884045379597586,-0.27807779732650584,-0.10232158110827538,-0.011161882259505226,-0.05163281888992526
-0.5516726121130868,-1.1809572747954764,-0.06448185081245202,0.08420188630291668,0.554640481655608,-0.003113568462890997,-0.29955539810057735,-0.26862389894773686,-0.08394918960958146,-0.015780217854609556,-0.02610778249862233
-0.7383981435435623,-0.9453434318685937,-0.20314936354080915,-0.2702754585716174,-0.979973437228412,-0.5153645561940767,-0.011565501763309479,0.13848738809233907,0.1834515583851891,0.05230729309419597,-0.044012726943200485
-0.2518399000603341,-1.4246595259738646,0.2896989130425549,0.17524155018975796,0.6069357761483374,0.04347328895725384,-0.3884554441120715,-0.7605748260584496,-0.26255618602128583,-0.056009812052927925,0.012319021003218902
-0.06883890877410569,-1.5080329046176824,0.38013282363920853,0.22990410102958544,0.5587239931100932,0.10594602609760521,-0.40546750438760054,-1.0919253836145202,-0.42027792284474974,-0.07120674169954373,0.03624025646400652
-0.5127103833810389,-1.2786930545080866,-0.22735209046452293,-0.031028880557692557,0.501738065832662,-0.08206560313395414,-0.17531658713688605,-0.0846302640756872,0.05301445535656487,-0.06304595309541981,0.025709186268940743
-0.6683355271942043,-1.088479275439326,-0.3297021830114799,0.04196026873193856,0.497349282410455,-0.01841047561587218,0.0616732479688853,0.1945703497492101,0.07309506366315992,-0.06303750228156703,-0.08070517596921722
-0.5358447333599212,-1.166810095574466,0.4139466467086971,0.058088146411716404,-0.18051136583054891,-0.3133494414504963,-0.15855200829389474,-0.16616313940553445,-0.015527797273844535,-0.030984189995623183,-0.06724260767791201
0.3864562985728408,-2.516314243739193,0.06973884979606414,0.2780288024477759,0.25506197163106104,0.11008404408317442,0.5765031369486966,-0.8842501117832905,0.043043548970383046,-0.20491196831713712,0.1388252617914789
-0.4817187682359643,-1.0312421188465462,-0.40985909869868503,-0.02812022212138249,0.39107921742114876,-0.08916426522260326,-0.2576092355520904,-0.2641670338612607,-0.120735081346412,-0.13003501974969559,-0.09155232851644993
-0.46195878255611356,-1.129372266162444,-0.4214227872345351,-0.15677176377276444,0.420584962300612,-0.2193820332769814,-0.43266054551595273,-0.23841645928553426,-0.02129387282050756,-0.1547283953072677,-0.038363978814618664
-0.5000447338992635,-1.0591702590750482,0.29325563223558726,0.05024945857979232,-0.37019994413492374,-0.27845700625750075,0.037859290313998775,-0.11075682979303535,-0.07257975847231476,-0.032598775071497076,-0.01779843651142422
-0.4882181305952977,-1.0980114915179788,-0.0956366222433775,0.06180833539770546,0.5810428111438846,-0.10549480490361804,-0.27283558354211584,-0.14040099471007594,-0.07676537504230033,-0.13206747498083807,-0.029609020340482625
-0.34071732003129274,-1.0824785353528277,0.8105003714779261,0.08047373134944469,-0.046843244932485595,-0.2774875867340798,-0.49463337435868665,-0.5932238901581772,-0.3339611080924001,-0.028914398539640333,0.09137349918906593
-1.1476731050527693,-0.001539316873915959,0.8864771029443334,0.10419226959209667,-1.1536734757561167,-0.5555380497313313,0.07797519528805623,0.5775529399887231,-0.10428090086331168,0.11315283435067892,-0.21670955943875142
-0.49465949700108014,-0.9214756850212082,-0.20060447886594904,-0.044955604762341526,0.5788749604566248,-0.2271267027295433,-0.4766708975777891,-0.16875954844640886,-0.0508403234574283,-0.18870563854246178,-0.054789313319943904
-0.5356691923689777,-0.5445319068383803,0.339569824023879,-0.37849179544176115,-1.2326968126186206,-0.8995795504532771,-0.7184336898745768,-0.39520045955148325,-0.06694604618919113,-0.09414377705643927,-0.06690002385175284
-0.3768080113689741,-0.9698934450363823,-0.39199351652279124,-0.12890729432907305,0.45153327298131507,-0.2410417043800636,-0.3630558143822138,-0.2362884102788769,-0.024217691545561516,-0.23028634846383653,-0.03374005424438117
-0.4390886232373583,-0.9914639796948097,0.15850478771888424,0.06160873989119578,0.7501728947492103,-0.14115314438521173,-0.29918458252603497,-0.10130157920217396,-0.06220510759457926,-0.17988285329307746,0.008663648592296338
-0.5041186827415258,-0.40270242150053887,-0.3438830149503453,0.10204678871481992,0.4391949159343092,0.15961131763470177,0.040090734408139726,-0.1137565547549727,-0.3749158007372776,-0.07224114679395048,0.11064057780133292
-1.029909714940789,0.033753710848593285,0.500921251978079,0.10163518234645136,-0.5622334141455487,-0.3972130751106513,0.15085136859478165,0.5857318624169529,-0.09114306630200687,-0.026136203966906267,-0.2518594172224585
-1.0161429346005588,0.008963719508484787,1.4084143079013216,-0.08208631251932447,-1.0004770001301582,-0.892520422537379,-0.3097159842528064,0.5447382177835169,0.14624389866969995,0.018551644363016158,-0.09407340955839236
-0.14381752821298208,-0.7707468792467751,0.40849503838762713,0.10864862418654593,0.8162576557285374,-0.037732148347805486,-0.15798070618560575,-0.46632218798664465,-0.10379466678023336,-0.2210838447773951,0.1189095408474391
-0.27639135683394167,-0.3085123689205314,0.02334299690265338,0.03065010403111203,0.6271721734463845,0.22719043450021653,-0.11297980819181536,-0.023837703130246673,-0.07051898257377354,-0.21970636014424347,0.07145681413708908
-0.43515933249753636,-0.2739058087616462,1.173390293577491,-0.14035870553746704,-1.1008055981909526,-0.720643426193825,-0.24543884859028317,0.08294895542872893,0.25744090474282805,-0.17024764467949105,-0.0828728997181564
-0.21874036963488477,-0.26825702850175687,0.5274485871110653,0.1784978322010012,0.9741268371716959,-0.08737290842651393,-0.21049039995205096,-0.4412291662997324,-0.0299958938793233,-0.3052906876098704,-0.05464251417129209
-1.041245314993946,0.6596532392810144,0.659746667955915,-0.3691162537851159,-0.7911567514258722,-0.8861802702435038,-0.16572325981967193,0.7859852707117932,0.4107095700993516,-0.09169090500944439,-0.07428207628616973
-1.3029951692164925,3.0122547511558624,-1.1723556743331562,0.10629479440184329,0.3413424490541159,0.9005004959952865,0.8897740913027957,0.5753106024180821,-0.881457817165296,0.14260641484127579,0.009156223121529519
-0.6871383199011113,1.9352068440473609,-0.9526388689337385,0.003461528977251268,0.2679851924625642,0.6069549146415456,0.5450785832921908,-0.15803164471219264,-0.7361893114740534,-0.033028635046803666,0.08451625988765046
-0.051075834752022424,3.686606771744313,3.327496849675255,0.21087386363709115,-1.1007145046705566,-0.32277898846975933,0.828171297775188,-1.171634563727812,0.292996265506329,-0.047419573098741556,0.08024165079366642
2.280771325267653,5.062996094481056,3.662767585495527,0.4379069596051422,-2.137369773770835,5.096004886891543,-1.8449445645825862,0.5388258778494768,0.44423643250567924,-0.7117360561399875,-0.13765415760357744
-0.9302177217324453,7.119019381149199,1.4645696247963775,0.1429086893655428,-0.6500088402404893,0.7550918192606838,1.5711361274391098,-0.515055042912287,-0.36459570890618415,0.18558346695268024,0.001623675870481544
0.11791897468418236,2.572138216585343,-0.6087204639705579,-0.6313341074309802,-0.19898643021816073,-0.08544967315017149,1.2670139435666117,-0.31197877941421487,0.9448773600824183,-0.365937288791004,0.3305651241638184
-0.0921740707119812,1.8417178459677952,-0.9952129476660262,-0.9622924049898594,0.7750306815280614,-0.630321635337712,0.5363453257086317,0.30125962661304373,1.6875932583954794,-0.6638178908934371,0.04554299584050898
-0.7275166112019857,5.17684032118978,0.5227875914937378,-0.3142355576531975,1.7388943285503413,0.25614576764957075,0.23096508203822438,-0.23567093151264687,0.528648122387556,-0.37883138620614487,-0.22829164322291617
-0.8036223301021407,5.4686068629146405,0.6279155100976171,-0.25731490552188246,1.8222715773445533,0.3198507684890402,0.210342828866002,-0.21302892267454562,0.44523543699506885,-0.35418159579743674,-0.23363175906146133
-0.5952787392290816,5.095791497598555,-0.18263970350633868,-0.2502050547151735,1.2412349516693768,0.5460603715461657,1.0580447529230237,-0.08051609186064064,0.44826588453737237,-0.32275544170529497,-0.07156716771046553
-0.7303314401484019,-0.3891455500243838,0.23027474314469148,0.03788741045619063,-0.7518777312813771,-0.29812301654402174,0.1705397397054103,0.5042256671903083,-0.5620146062899869,-0.01646413421951292,0.2042301077777439
-0.7278950734935951,-0.5019147004008061,-0.29771193346543035,0.180436316121293,0.5634304348538143,0.008642907232734882,-0.03295853990046498,0.5037654341944958,-0.5765637346136578,-0.18976718321281863,0.024897325984957492
-0.5404219353804001,-0.5917583792787385,-0.46304757804028507,0.11389708554303776,0.397627636204054,0.03620309351147128,-0.0061766800133130325,0.25423382358192076,-0.6571292374133447,-0.19738488304758114,0.12394948590774992
-0.5872867240164118,-0.526620736230969,0.18335743331784524,0.12936356951939976,-0.3708529640561166,-0.26913306040635704,-0.03942221281332162,0.24084124980792357,-0.6468857221428516,-0.13925018413699186,0.09606818474912111
0.023137835111883807,-1.2588253950967447,-0.2566347213398794,0.22088356737609266,0.27766004031958025,0.044167267878784895,0.09547856119420456,-0.4248942531041604,-0.7115026978850401,-0.3082246363573918,0.1834497094973947
-0.5034258559248116,-0.7635568495522659,1.2420651633503292,0.031117289150227562,-1.924764221038093,-0.9901317853656106,0.0387122819634469,0.24417789735375203,-0.32722363108165525,-0.10985351553968077,0.07247665127075152
-0.1981082906041919,-1.1477775910481502,-0.3384486592810553,0.12272114901884978,0.41090284149595113,-0.16362396257509906,0.06380610413847647,0.07703182549963844,-0.37209849019489666,-0.37231981332826014,0.08746440135728804
-0.4973407810593321,-0.5146675893281725,-0.30421233043819995,0.16008981732194716,0.5090688709625719,-2.480687374757321e-05,0.025897995135052244,0.30154884523670034,-0.6137629284261679,-0.25862417972783774,0.10884512348249609
-0.4412332948782083,-0.6373730807638212,-0.1894662087951842,0.0926126762997677,0.6713837686065811,-0.34360730052623634,-0.2107497044222381,0.35348236227276286,-0.31458253742376646,-0.4810082456393216,-0.13439451849109244
-0.13698725916388918,0.9738671540102578,0.44735724338306193,-0.03509316723768808,-0.9326080607905773,-0.2848971592431441,0.7462372949904758,-0.09265106752478453,-0.2770974116148739,-0.2556306075867287,0.24474097173941153
0.29714363429057256,0.7914688403848985,0.7637939430149137,-0.03102712906825185,-0.9984711800053858,0.12253962240659586,0.4088567765486128,-0.2234431246138673,-0.2498395447745033,-0.333348303826098,0.3438994554365777
0.32577606583603064,1.3348946285928018,0.504806851932451,-0.1358203867611133,-1.0199641170118996,-0.4400833959999605,0.86812662699784,-0.6658289092479297,0.0904509445668838,-0.46600755334400956,0.15651868678984013
0.2776012762909448,1.8925144147403161,-0.376007299681159,-0.17174405583890337,0.6404333422183245,0.1469152002354243,0.8959611869828435,-0.49511227531267415,0.12694871079181946,-0.5568298467166052,0.22857778677604315
0.24839319786399897,4.072593461751156,0.2081730788560119,-0.1526149823895378,-0.04591708014989276,0.28468440538731177,1.4338353829072221,-0.8412413776365711,0.09894054874304965,-0.47522092663045334,0.13707928978836054
-0.530128746795012,-0.6782715703610526,-0.4900289768285,0.1294375828707766,0.4463052255003197,-0.11374899663470536,0.07051591214421031,0.6341538837782627,-0.6751694338384346,-0.3482339698940653,0.11847190808061292
-0.32340591340273056,-0.6375617342967048,0.23930794013516699,0.15940409432602184,-0.9734307867674462,-0.4699492796646031,0.15412898034710848,0.1574608390375472,-0.8094878266611659,-0.2845454709033802,0.10712510789715231
-0.441953597057918,-0.6469487853693755,-0.44616152767724043,0.05902000970113713,0.46440405206416263,-0.15046176776068285,-0.04190654380001168,0.5149909809606146,-0.6896935222693857,-0.36188261478410777,0.19923315623663687
-0.6913338903833142,-0.2513564345208452,1.0348800463432042,0.05335757575432293,-1.808411597330898,-1.0042665861254734,0.01457246717106977,0.6414946358583067,-0.5710281429376446,-0.2098779726310453,0.011020098920255647
-0.7116021733452205,-0.3117523557524664,0.2740492329060951,-0.00486858223066346,-0.3505484643633997,-0.5972182051292668,-0.05954573052268324,0.8768234931261609,-0.495400912182355,-0.3063628330834249,0.09121709403516988
-0.13446783117541522,-0.8958781797070553,0.03343207771134813,0.13949069546200044,0.6424565248010672,-0.24333758871333153,-0.256625752507936,0.0673060833268706,-0.6844760990868325,-0.4663926567100955,0.19393206746220312
-0.11721352007339018,-1.0377674266048618,0.12239781737075488,0.09461832047995308,0.7105897592408786,-0.303759911853133,-0.28066653414600756,0.16386153872284684,-0.5836486007644023,-0.47024463549996715,0.26571190060758654
-0.033215939412028515,-1.0471141178391803,0.12224816229603074,0.13153855136052492,0.6640656793706965,-0.2749177641882923,-0.2631857110384382,-0.0033079177292314296,-0.6730706796259175,-0.4989870690141352,0.22071651482563204
0.02494357725516497,-1.0198615260188428,-0.09237434497241158,0.19051693461419456,0.5192547589031856,-0.20946887465666933,0.030225549691627003,0.005862960035954431,-0.6556471560510246,-0.5359681934385722,0.15370585231317152
-0.5937200587352202,-0.13947630892762738,0.45118042516003787,-0.018473452765157966,-0.8624195513699335,-0.5755456174329566,0.056649156668481006,0.9961926799220642,-0.44559653885390826,-0.32273926058712626,0.14896085641612383
-0.33978093076972976,-0.5985292064907826,1.2947736984578966,0.02970473902579873,-1.380329730815554,-1.0150738792771496,-0.1446465550789888,0.5272360043825212,-0.3665766758502861,-0.38987514537703544,0.06092190185046125
0.14326013340334612,-0.9535671852821245,0.15590089614693256,0.20984214916742305,0.614168853380032,-0.20005285391495167,-0.15607069848289548,-0.24737659866157738,-0.7981589882611881,-0.5457571417131617,0.22411960641537915
-0.4231010739197073,-0.17309469695536903,1.0189430933944064,-0.07345241512781302,-1.256473125845002,-1.194648401312789,0.007390959939596612,0.6290150181131704,-0.10829563978046491,-0.4929846292180703,-0.08595683812552293
-0.7375627870301641,0.11084546302326785,1.6205543871033254,0.04972269784212659,-2.191213449458174,-1.2478024590623666,0.05056021258945552,0.8526804754606425,-0.5233076100318435,-0.21895850816015397,0.07072946006198388
-0.12239662870354907,-0.17520456175275026,-1.0624241044094842,-0.20401648273423326,0.30720050818388966,-0.557418183485836,-0.2570076582003001,0.5896173632224916,-0.615524930771852,-0.24256257543226395,-0.09115654021941295
0.1369162118401939,-0.850548055427219,-0.3665983148562497,0.08881800141675177,0.5781461817482503,-0.5848404304502793,-0.09101377381974926,0.4428038544102106,-0.46019436451713225,-0.34166911166675623,-0.17996217765193917
0.029373938978258744,-0.5949262156725698,0.1951766034264537,0.06475388505020732,-0.22923830706221926,-0.801851118832572,-0.062392036037672544,0.47964360029767084,-0.5449522349001575,-0.22893081409123023,-0.15069056765402905
-0.040387670042265005,-0.5551209938102308,0.21439244633342067,0.21659334220559082,0.9894228824167863,-0.6780308084938048,-0.6269887399576678,0.4966283083417645,-0.5111987210712972,-0.3065609518821052,-0.12362857344931831
0.29542574208279726,-0.6760054912966136,0.8199716395583065,0.14000580946566096,-0.8128023341781343,-0.9253091657253166,-0.10895887995266917,-0.010305162946633584,-0.7186468388980862,-0.19403415199982932,-0.05300491236464509
-0.4215482833852162,0.8987966467824401,-1.6153507192216945,-0.09494746996652177,0.054071393031464535,-0.14380641138498687,0.3162869652682525,0.9144737544122526,-1.018245145718347,-0.12998678527355897,-0.11985962247479796
-0.44333052028197784,0.203467890231165,-1.318668666489186,-0.31604037194363876,0.3890331064258683,-0.7308559259217272,-0.18319402250105626,1.2528181922322013,-0.3551028795726967,-0.32344540960905255,-0.24533439023784284
0.14374010811768217,-0.7984118803283404,-0.4313636862252274,0.07179656390792336,0.5932443024672079,-0.6416109502527905,0.026757800272472116,0.6538586914582126,-0.3606689837228342,-0.39641825559691246,-0.14566097376226975
0.037515694318790385,-0.45736101780713073,-0.08274383987338037,0.20060396582237927,0.7875658138261289,-0.5543122101505314,-0.1604972817596268,0.5343423080605757,-0.6066368304497302,-0.37389665661526517,-0.24570265429755825
0.10494870817939302,-0.549878078850992,-0.2697374370897926,0.03633632834992104,0.7132038120074095,-0.6630463579320435,-0.18854449100701032,0.5727581886666507,-0.4582797535268466,-0.4032071461784026,-0.16284205770893773
4.634465749245167,-3.290429304406559,1.6367243717850155,1.0900272212826239,-0.6213740023446944,3.1762042459048696,-0.8918879147515698,-0.48077465124270086,-0.683927814955829,-0.42411728862566583,-0.07124984136943112
1.3820952470255774,0.7301733785089846,0.44066373968000994,0.19085590138194883,1.0648739467453157,-0.5159084288714761,0.15702317103270763,-0.39316522396848747,-0.6199041520407191,0.19643947920599877,-0.17841186665870445
0.8285967312340103,2.087260152274166,0.8032233221601096,0.240234306348493,1.5185989276510738,-0.44743477712888063,-0.19950030244328887,-0.05124512638878834,-0.7576362799471876,0.2762826828127893,-0.34057810732505955
0.806301273421707,2.1757003091291587,1.2088802020121963,0.24751587082378004,1.794023352000273,-0.508499658342711,-0.30816508194864256,-0.014896249483735332,-0.6535662867316171,0.24326476837691055,-0.3877473021595501
1.6931744076342008,2.037630729977272,0.42413087978732056,-0.2634240977084659,1.3256025312180775,-0.7510329474207922,0.3605334761613067,-0.5530264086787233,0.2588720592339237,-0.031290476947617815,-0.14813002969367697
3.4678370141673693,-4.99903996584198,6.358660119919999,3.3695677860108204,3.1378814422794945,1.0164380423315318,5.638166803448085,0.3464835945764979,0.7530746797052466,0.03824624167469477,0.08641920763953177
1.617271229512724,2.6429899288636705,-0.09862669764371347,-0.13983838816912933,1.1169545676099437,-0.7058115469661549,0.8803268732004784,-0.3625568663899715,0.3330235266700027,-0.20238265794684943,-0.5400492274137033
1.4557255724063582,1.2517555974547423,3.2152567519946373,0.14274662982548408,-3.3460462908537387,-1.4026413559740465,0.3947506017614243,-0.10397442961399642,-0.6416139541508903,0.5938819254990357,0.17001805022603733
1.2791566881927965,2.6209913285263413,1.2693421990156006,-0.4603525048683392,-1.2732590035881963,-1.4980073686763267,0.3961135762786668,-0.07645134330018369,0.048111725146761035,0.28750260086889806,0.08689461448961945
1.3760272599794372,0.6232371724696564,-1.051228441129732,-0.1561724465687789,0.3404126012613756,-0.7968795507333407,-0.010913656959203164,0.08585509154980017,-1.0889133254926637,0.4831269185911879,-0.41560888334856627
1.188634764581614,1.0386700887960596,-1.0849522406579046,-0.2690629210291855,0.5249676184551787,-0.9223790962919093,0.054639622886839746,0.5906650285593752,-0.662480782683315,0.4807670008571486,-0.32695343955560713
2.582099567598701,1.6232242496797264,-0.5815758839753872,-0.4130552783885601,0.5890911553879168,-0.8912821955631967,0.5212559694345918,-1.0809719904852415,-0.10705003537361328,0.15523824233136924,-0.045171025950257994
1.5170189495332047,2.3617589831068684,-1.4788178074761844,-0.7482555576802975,0.6916822046330106,-1.184492778193239,1.0595467767385838,1.0455928575209104,0.7952370521464668,0.16273643005926824,-0.2996948704018441
2.202038829792701,-1.3924369897936772,-3.201216416652294,-1.5612030698791448,-0.4177222418083751,-2.0620427350282826,1.4369025683986025,1.7955967896372755,1.9459084947455951,-0.023051230267016654,0.3312913144138787
1.5187286229423167,2.352315020121033,-4.3857088329900735,12.451990319762627,-1.9132983797176177,-1.2662388624783805,-0.8638354176199408,-0.4090126873298939,1.08603337689802,-0.0633320731689319,0.009230122850462947
2.6719473472101,1.217404137673187,-0.5916640913537753,-0.3939470833975598,0.5071386846147432,-0.8608475199075495,0.39602656731799807,-1.0783329879135617,-0.18770946674864653,0.28498621916255246,0.36223012841407287
-0.538113066760226,4.14902139879052,4.4970309418382275,1.016797910299709,4.9704951368048835,-2.648919060399452,-5.578509555524876,1.8666192484717745,0.9158370247308372,0.7383913282144893,0.7639601394246699
2.232744041908881,-1.4082696444512368,-3.1797960915867653,-1.5570768939056159,-0.4229647672969728,-2.0507462168948454,1.4302030637949794,1.7351536921584045,1.9182366582476116,-0.023953709951457448,0.3351440315095576
3.1487406170415726,-3.5798679857707842,0.806942002696078,0.6212631179737415,0.3814322981621323,0.4568949616706412,-0.266595507684738,1.8680511114957645,0.0726524674360867,0.28627541251015876,-0.5616280889642002
3.6084877206314365,-2.2198937114514647,0.5081678556881674,0.7502617123140733,-0.3161587601113265,2.0979649032212793,-0.19456769309919192,1.478727720925343,-1.024825334580011,0.634559415093747,0.11319777708201167
1.1179492588607944,0.8475997646130363,-0.4304635944072197,0.31134086544192696,0.7427504191576025,-0.3021028024965167,0.5258605461911339,1.3008295268542425,-1.6807306999135256,1.2665968024405558,0.13602828116411375
2.337192944877039,0.7858288534434283,-0.4445999597878198,0.5730807389298136,0.33525000724350873,-0.04211153187875428,1.4683523508708098,-0.2937987665630231,-1.5719475966554686,0.9324025196101258,-0.07616678924130765
3.298802617263733,1.0621571533803693,-1.5133840343480733,-0.059268324508035826,-0.9367176337318754,2.2071072056596064,0.27778264221347904,1.8441332833726432,-0.5110114735887373,0.53295484683689,0.006368375102895947
2.932447876969695,-0.0488511360450151,-0.7581168035302622,-0.39940915268193944,0.1092653928595001,-0.3131617088537872,-0.8585368027329524,0.35759444914960375,-0.23973760826815055,0.28263806439944283,-0.43386775276991085
3.8820329994989025,0.08105507202877596,-0.3327634500240023,-0.6593851080231684,-0.8212576586288387,-0.6232650163144259,-0.12060903651144686,-0.8085486624835032,0.16128687258872645,0.2666590263198878,0.08837286509956727
3.899862889789723,0.1324593725327229,0.21988654012493436,-0.5167585104012902,-0.5014194685333874,-0.8857528193009022,-0.24263112843413456,-1.5539832220751835,-0.23550902300366394,0.34603637953881994,0.1704890609828959
4.3039976633402945,0.3754387426160036,-0.41659503894420297,-0.7093720692188682,-1.1462377485944535,0.7878587387566102,-0.7896155107690297,0.4457245300258247,0.6028713372807294,0.03438906444462298,-0.038007797365733516
4.272966306974787,0.32650399515917783,-0.3824843859812432,-0.7317201658408877,-0.9751907328565441,0.7088257135895416,-0.8918163953540316,0.4690753521607791,0.6403241556827886,0.005703192725665227,-0.06025487601801944
4.062570892292102,0.0016958775424277036,0.05719637117021455,-0.49704123416808726,-0.20683029009455187,-0.6140109210235236,-0.4302263402394122,-1.2737072881706246,-0.010426921883153797,0.14055229753055465,-0.036483394431634016
4.105286385376141,0.18559524137336036,0.017275154439861832,-0.4184348943067026,0.18549499498865046,-0.25144932646156926,-0.5960299381873073,-0.9721305918392478,0.13980300126381714,-0.0017903818056619254,-0.25094347997036337
3.9205637489407654,0.32840775875986933,-0.695777355312338,-0.5868866096685088,-0.01698340522188634,-0.2247273357563354,-0.12431112596841351,-0.7624696308025374,-0.05337112561156305,0.22475149650788118,0.19289932934311865
4.183410998731454,-0.0654356083899167,-0.3568970972662234,-0.4796638122965832,0.09683540045029781,-0.455368199172804,-0.3963352206965697,-1.2889931875536915,-0.011608788207673906,0.03628499958642962,-0.07563121060587058
4.06558669150717,-0.06532269201888304,-0.7446146996804257,-0.5423448084628874,-0.06203602335366175,-0.4792568286044227,0.06519652281479128,-1.103721095594732,-0.06978533286035121,0.1506693093573328,0.12261917118492965
4.02064105615074,-0.341448526899067,-1.003808793758149,-0.7117810589058241,-0.1563507175175254,-0.5505683200265481,-0.07152480221690534,-0.6129377313899282,0.24737216439806073,0.09087134468187254,0.13946844496209415
2.2542936941825307,-0.6093785944714414,2.65757090276665,0.7767123367709113,2.5957613920697105,-0.8802574632025385,2.0898227256242854,1.895289166389712,0.836622854911549,0.5693912392847252,-0.031538029673844954
4.059629318853864,-0.3377930856180132,-0.7703727951746245,-0.6847316766205607,-0.03343365067334368,-0.6390005237944775,-0.1852811871554815,-0.8869363691382222,0.07909668728064133,0.10873851549422688,0.1967600393169054
4.578955355717677,0.08856413803660661,-0.8323782658548062,-0.7062904024786769,-0.5534829033694808,1.059031163426685,-0.9422849413205279,0.5529695295060927,0.616238260868807,-0.17960963982381872,-0.03456775413802544
4.016008878251723,0.039179622124924506,-0.8695476310063223,-0.6377756027474066,-0.09629500889724642,-0.3900741977865449,-0.08942468727622868,-0.6143995872473258,0.08658960814567994,0.08927395761770308,0.13487294600689442
4.310806733240205,0.4153339279674533,-1.0032350341421097,-0.7015456101316893,-0.4843990808962231,0.8797551234314681,-0.6221521234599123,0.7053813097096157,0.582313581856548,-0.1240736481606075,-0.04526816636973836
4.2693983602349785,0.2557929808066125,-0.9838293378511301,-0.7083417608069958,-0.3908105601839573,0.5331488807731222,-0.5566094446457496,0.4674798841077234,0.578573155258455,-0.1553899385265256,-0.11692855803495672
5.367764688966043,-1.032113386377321,0.7408605993955689,0.03337209532021428,-0.5127959249181542,3.391152295022126,-0.5904933879206858,2.5256107098586846,1.0310752032352921,-0.19154665774111712,0.33372184404306
4.189583282439848,0.2979399448594181,-0.3393958573966511,-0.41803959293145665,0.14011496395147371,-0.5069078084793254,-0.26047347491518247,-1.4644285219263153,-0.31554227649278377,0.02444111585066234,-0.014103575404651406
4.692988898485639,0.10209098617426049,-0.032457048534604405,-0.33746754757950503,-0.04408801186952624,0.2501085698563549,-0.7579653274905428,-1.254530172102439,-0.19262274604642243,-0.147675545901244,-0.0966980848765277
